ID;SKU;Producto;Imagen_referencial;URL_producto;Archivo;Fuente;Resolucion;Observacion
37639997;47730-60120TT;Cáliper de freno 4 pistones trasero derecho;https://cdnx.jumpseller.com/rhino4x4/image/82320576/caliper-terrain-tamer.jpg?1791492737;https://rhino4x4.cl/caliper-de-freno-4-pistones-trasero-derecho;caliper-terrain-tamer.jpg;https://bartlettauto.com.au/products/calipers-toyota-landcruiser-vdj;1600x1600;Imagen referencial de una pieza similar. Confirmar diseño, medidas, material y compatibilidad al cotizar.
37639994;43512-60140HP-K;Disco de freno HP ventilado y ranurado;https://cdnx.jumpseller.com/rhino4x4/image/82320613/rotor-hp-terrain-tamer.jpg?1791492878;https://rhino4x4.cl/disco-de-freno-hp-ventilado-y-ranurado;rotor-hp-terrain-tamer.jpg;https://www.allfourx4.com.au/Front-Disc-Brake-Rotor-High-Performance-suitable-for-76-78-79-105-43512-60140HP/;2400x1600;Imagen referencial de una pieza similar. Confirmar diseño, medidas, material y compatibilidad al cotizar.
37639996;47730K-60120TT;Cáliper de freno 4 pistones delantero izquierdo;https://cdnx.jumpseller.com/rhino4x4/image/82320649/caliper-terrain-tamer.jpg?1791492929;https://rhino4x4.cl/caliper-de-freno-4-pistones-delantero-izquierdo;caliper-terrain-tamer.jpg;https://bartlettauto.com.au/products/calipers-toyota-landcruiser-vdj;1600x1600;Imagen referencial de una pieza similar. Confirmar diseño, medidas, material y compatibilidad al cotizar.
37639998;47750K-60120TT;Cáliper de freno 4 pistones delantero derecho / trasero izquierdo;https://cdnx.jumpseller.com/rhino4x4/image/82320719/caliper-terrain-tamer.jpg?1791493026;https://rhino4x4.cl/caliper-de-freno-4-pistones-delantero-derecho-trasero-izquierdo;caliper-terrain-tamer.jpg;https://bartlettauto.com.au/products/calipers-toyota-landcruiser-vdj;1600x1600;Imagen referencial de una pieza similar. Confirmar diseño, medidas, material y compatibilidad al cotizar.
37640003;CRK-4P-KLTV;Kit de reparación cáliper 4 pistones;https://cdnx.jumpseller.com/rhino4x4/image/82320748/kit-reparacion-caliper.jpg?1791493071;https://rhino4x4.cl/kit-de-reparacion-caliper-4-pistones;kit-reparacion-caliper.jpg;https://dream-fontanilles.com/en/clamp-and-drum-components/10577-front-brake-caliper-repair-kit-j6-7-runner-toyota-hilux-terrain-tamer.html;1100x1422;Imagen referencial de una pieza similar. Confirmar diseño, medidas, material y compatibilidad al cotizar.
37639977;AF-KLTV;Filtro de aire KIA KLTV;https://cdnx.jumpseller.com/rhino4x4/image/82320791/inserto-filtro-1.jpg?1791493117;https://rhino4x4.cl/filtro-de-aire-kia-kltv;inserto-filtro-1.jpg;https://www.allfourx4.com.au/terrain-tamer-air-filter-kit-suitable-for-landcruiser-vdj200-series-ttafsk1/;1280x849;Imagen referencial de una pieza similar. Confirmar diseño, medidas, material y compatibilidad al cotizar.
37639982;AFE-KLTV;Inserto de filtro de aire KLTV;https://cdnx.jumpseller.com/rhino4x4/image/82321412/inserto-filtro-1.jpg?1791494192;https://rhino4x4.cl/inserto-de-filtro-de-aire-kltv;inserto-filtro-1.jpg;https://www.allfourx4.com.au/terrain-tamer-air-filter-kit-suitable-for-landcruiser-vdj200-series-ttafsk1/;1280x849;Imagen referencial de una pieza similar. Confirmar diseño, medidas, material y compatibilidad al cotizar.
37639990;RDC-35-30-SIL;"Manguito reductor reforzado 3,5"" a 3""";https://cdnx.jumpseller.com/rhino4x4/image/82320913/reductor-silicona.jpg?1791493316;https://rhino4x4.cl/manguito-reductor-reforzado-35-a-3;reductor-silicona.jpg;https://hpsperformanceproducts.com/products/hps-3-inch-89mm-silicone-straight-reducer-coupler-reinforced-transition-hose;853x853;Imagen referencial de una pieza similar. Confirmar diseño, medidas, material y compatibilidad al cotizar.
37639986;RH30-RAM;"Toma de aire tipo ram para snorkel 3""";https://cdnx.jumpseller.com/rhino4x4/image/82320993/cabezal-ram.jpg?1791493411;https://rhino4x4.cl/toma-de-aire-tipo-ram-para-snorkel-3;cabezal-ram.jpg;https://ozi4x4australia.com.au/products/ozi4x4-oem-snorkel-ramhead3;304x251;Imagen referencial de una pieza similar. Confirmar diseño, medidas, material y compatibilidad al cotizar.
37639969;PF35-DC;Prefiltro ciclónico doble etapa;https://cdnx.jumpseller.com/rhino4x4/image/82321037/prefiltro-ciclonico.jpg?1791493494;https://rhino4x4.cl/prefiltro-ciclonico-doble-etapa;prefiltro-ciclonico.jpg;https://agileoffroad.com/products/donaldson-pre-cleaner-topspin-for-snorkel-by-agile-offroad;1000x1000;Imagen referencial de una pieza similar. Confirmar diseño, medidas, material y compatibilidad al cotizar.
37639987;PF30-DC;"Prefiltro ciclónico doble etapa 3""";https://cdnx.jumpseller.com/rhino4x4/image/82321088/prefiltro-ciclonico.jpg?1791493574;https://rhino4x4.cl/prefiltro-ciclonico-doble-etapa-3;prefiltro-ciclonico.jpg;https://agileoffroad.com/products/donaldson-pre-cleaner-topspin-for-snorkel-by-agile-offroad;1000x1000;Imagen referencial de una pieza similar. Confirmar diseño, medidas, material y compatibilidad al cotizar.
37639976;ADP-AFKLTV-35;Adaptador snorkel a caja de filtro;https://cdnx.jumpseller.com/rhino4x4/image/82321136/adaptador-airbox.jpg?1791493625;https://rhino4x4.cl/adaptador-snorkel-a-caja-de-filtro;adaptador-airbox.jpg;https://mfautofab.com.au/products/ford-everest-snorkel-to-airbox-adaptor-kit;1800x2400;Imagen referencial de una pieza similar. Confirmar diseño, medidas, material y compatibilidad al cotizar.
37639989;ADP-AFKLTV-30;"Adaptador snorkel de 3"" a caja de filtro";https://cdnx.jumpseller.com/rhino4x4/image/82321261/adaptador-airbox.jpg?1791493859;https://rhino4x4.cl/adaptador-snorkel-de-3-a-caja-de-filtro;adaptador-airbox.jpg;https://mfautofab.com.au/products/ford-everest-snorkel-to-airbox-adaptor-kit;1800x2400;Imagen referencial de una pieza similar. Confirmar diseño, medidas, material y compatibilidad al cotizar.
37639971;FA40-HF;"Filtro de alto flujo 4""";https://cdnx.jumpseller.com/rhino4x4/image/82321271/filtro-alto-flujo.jpg?1791493893;https://rhino4x4.cl/filtro-de-alto-flujo-4;filtro-alto-flujo.jpg;https://ramair-filters.com/products/ramair-pleated-multi-fit-cone-air-filter-102mm-4inch;3951x3951;Imagen referencial de una pieza similar. Confirmar diseño, medidas, material y compatibilidad al cotizar.
37639974;SSK-304-35-KLTV;Snorkel acero inoxidable 304L;https://cdnx.jumpseller.com/rhino4x4/image/82321293/snorkel-acero.jpg?1791493936;https://rhino4x4.cl/snorkel-acero-inoxidable-304l;snorkel-acero.jpg;https://www.arb.com.au/product/sn02ss-torqit-snorkel-3-5-inch-stainless-steel-suzuki-jimny;800x800;Imagen referencial de una pieza similar. Confirmar diseño, medidas, material y compatibilidad al cotizar.
37639983;SSK-HDPE-35-KLTV;"Snorkel HDPE 3,5""";https://cdnx.jumpseller.com/rhino4x4/image/82321299/snorkel-polimero.jpg?1791493957;https://rhino4x4.cl/snorkel-hdpe-35;snorkel-polimero.jpg;https://www.bravosnorkel.com/en/;560x640;Imagen referencial de una pieza similar. Confirmar diseño, medidas, material y compatibilidad al cotizar.
37639984;SSK-LLDPE-30-KLTV;"Snorkel LLDPE 3""";https://cdnx.jumpseller.com/rhino4x4/image/82321305/snorkel-polimero.jpg?1791493972;https://rhino4x4.cl/snorkel-lldpe-3;snorkel-polimero.jpg;https://www.bravosnorkel.com/en/;560x640;Imagen referencial de una pieza similar. Confirmar diseño, medidas, material y compatibilidad al cotizar.
37639968;BH35-KLTV;"Base para prefiltro ciclónico 3,5""";https://cdnx.jumpseller.com/rhino4x4/image/82321312/base-prefiltro.jpg?1791493987;https://rhino4x4.cl/base-para-prefiltro-ciclonico-35;base-prefiltro.jpg;https://teqcustoms.com/products/snorkel-pre-cleaner-inlet-adapters-by-snorkel-upgrade;1920x1280;Imagen referencial de una pieza similar. Confirmar diseño, medidas, material y compatibilidad al cotizar.
37639988;BH30-KLTV;"Base para prefiltro ciclónico 3""";https://cdnx.jumpseller.com/rhino4x4/image/82321322/base-prefiltro.jpg?1791494000;https://rhino4x4.cl/base-para-prefiltro-ciclonico-3;base-prefiltro.jpg;https://teqcustoms.com/products/snorkel-pre-cleaner-inlet-adapters-by-snorkel-upgrade;1920x1280;Imagen referencial de una pieza similar. Confirmar diseño, medidas, material y compatibilidad al cotizar.
37639991;CKS-FL;Kit soporte cáliper delantero izquierdo;https://cdnx.jumpseller.com/rhino4x4/image/82321341/soporte-caliper.jpg?1791494012;https://rhino4x4.cl/kit-soporte-caliper-delantero-izquierdo;soporte-caliper.jpg;https://store.cobraautomotive.com/caliper-mounting-brackets-pair/;825x520;Imagen referencial de una pieza similar. Confirmar diseño, medidas, material y compatibilidad al cotizar.
37639992;CKS-RR;Kit soporte cáliper trasero derecho;https://cdnx.jumpseller.com/rhino4x4/image/82321346/soporte-caliper.jpg?1791494027;https://rhino4x4.cl/kit-soporte-caliper-trasero-derecho;soporte-caliper.jpg;https://store.cobraautomotive.com/caliper-mounting-brackets-pair/;825x520;Imagen referencial de una pieza similar. Confirmar diseño, medidas, material y compatibilidad al cotizar.
37639993;CKS-FRRL;Kit soporte cáliper delantero derecho / trasero izquierdo;https://cdnx.jumpseller.com/rhino4x4/image/82321351/soporte-caliper.jpg?1791494042;https://rhino4x4.cl/kit-soporte-caliper-delantero-derecho-trasero-izquierdo;soporte-caliper.jpg;https://store.cobraautomotive.com/caliper-mounting-brackets-pair/;825x520;Imagen referencial de una pieza similar. Confirmar diseño, medidas, material y compatibilidad al cotizar.
37639995;;Pastillas de freno cerámicas Heavy Duty;https://cdnx.jumpseller.com/rhino4x4/image/82321358/pastillas-terrain-tamer.jpg?1791494058;https://rhino4x4.cl/pastillas-de-freno-ceramicas-heavy-duty;pastillas-terrain-tamer.jpg;https://www.cms4x4.com.au/products/terrain-tamer-brake-disc-pads-front-suitable-for-rc-colorado-ra-rodeo-dmax-tfs85;800x530;Imagen referencial de una pieza similar. Confirmar diseño, medidas, material y compatibilidad al cotizar.
37639999;BD-VL-KLTV;Disco de freno ventilado liso;https://cdnx.jumpseller.com/rhino4x4/image/82321365/rotor-liso.jpg?1791494073;https://rhino4x4.cl/disco-de-freno-ventilado-liso;rotor-liso.jpg;https://www.standardautopart.com/products/power-stop-jbr1934evc-evolution-geomet-coated-vented-1-piece-plain-front-brake-rotor-for-2021-2025-hyundai-sonata-n-line-jbr1934evc;1500x1500;Imagen referencial de una pieza similar. Confirmar diseño, medidas, material y compatibilidad al cotizar.
37640000;BD-VL-AC-KLTV;Disco ventilado liso con recubrimiento anticorrosivo;https://cdnx.jumpseller.com/rhino4x4/image/82321371/rotor-liso.jpg?1791494089;https://rhino4x4.cl/disco-ventilado-liso-con-recubrimiento-anticorrosivo;rotor-liso.jpg;https://www.standardautopart.com/products/power-stop-jbr1934evc-evolution-geomet-coated-vented-1-piece-plain-front-brake-rotor-for-2021-2025-hyundai-sonata-n-line-jbr1934evc;1500x1500;Imagen referencial de una pieza similar. Confirmar diseño, medidas, material y compatibilidad al cotizar.
37640001;BP-SM-HD-KLTV;Pastillas de freno semimetálicas Heavy Duty;https://cdnx.jumpseller.com/rhino4x4/image/82321379/pastillas-terrain-tamer.jpg?1791494104;https://rhino4x4.cl/pastillas-de-freno-semimetalicas-heavy-duty;pastillas-terrain-tamer.jpg;https://www.cms4x4.com.au/products/terrain-tamer-brake-disc-pads-front-suitable-for-rc-colorado-ra-rodeo-dmax-tfs85;800x530;Imagen referencial de una pieza similar. Confirmar diseño, medidas, material y compatibilidad al cotizar.
37640002;BP-LM-KLTV;Pastillas de freno de bajo contenido metálico;https://cdnx.jumpseller.com/rhino4x4/image/82321384/pastillas-terrain-tamer.jpg?1791494119;https://rhino4x4.cl/pastillas-de-freno-de-bajo-contenido-metalico;pastillas-terrain-tamer.jpg;https://www.cms4x4.com.au/products/terrain-tamer-brake-disc-pads-front-suitable-for-rc-colorado-ra-rodeo-dmax-tfs85;800x530;Imagen referencial de una pieza similar. Confirmar diseño, medidas, material y compatibilidad al cotizar.
37640004;CKS-ZN-KLTV;Kit pernos soporte cáliper con acabado zincado;https://cdnx.jumpseller.com/rhino4x4/image/82321393/pernos-caliper.jpg?1791494140;https://rhino4x4.cl/kit-pernos-soporte-caliper-con-acabado-zincado;pernos-caliper.jpg;https://racingbrake.com/m16-m14x2-0/;558x315;Imagen referencial de una pieza similar. Confirmar diseño, medidas, material y compatibilidad al cotizar.
